date,close_futures,close_etf,premium_pct,premium_pct_zscore,premium_pct_is_anomaly
2020-04-27,1710.5,161.55999755859375,-90.55480867824649,,False
2020-04-28,1703.4000244140625,160.83999633789062,-90.55770846350572,,False
2020-04-29,1684.199951171875,161.72999572753906,-90.39722120790904,,False
2020-04-30,1694.5,158.8000030517578,-90.62850380337811,,False
2020-05-04,1704.4000244140625,160.33999633789062,-90.59258425010806,,False
2020-05-05,1684.199951171875,161.02000427246094,-90.43937721525153,,False
2020-05-06,1721.800048828125,158.9499969482422,-90.7683823649311,,False
2020-05-07,1709.9000244140625,161.38999938964844,-90.56143651176609,,False
2020-05-11,1704.4000244140625,159.4199981689453,-90.64656208135466,,False
2020-05-12,1713.9000244140625,160.0399932861328,-90.66223286035331,,False
2020-05-13,1738.0999755859375,161.5800018310547,-90.70364167190188,,False
2020-05-14,1753.4000244140625,163.00999450683594,-90.70320564405665,,False
2020-05-18,1744.199951171875,162.69000244140625,-90.67251421879126,,False
2020-05-19,1750.5999755859375,164.25999450683594,-90.61693152075722,,False
2020-05-20,1720.5,164.64999389648438,-90.43010788163416,,False
2020-05-21,1734.5999755859375,162.25,-90.64625837174978,,False
2020-05-26,1710.300048828125,160.88999938964844,-90.59287874663349,,False
2020-05-27,1713.300048828125,161.17999267578125,-90.5924246727229,,False
2020-05-28,1736.9000244140625,161.72000122070312,-90.68915890681394,,False
2020-06-01,1725.199951171875,163.66000366210938,-90.51356316402975,0.8701632469019396,False
2020-06-02,1697.800048828125,162.60000610351562,-90.42290013975749,1.6112680160435844,False
2020-06-03,1718.9000244140625,159.60000610351562,-90.71499192293514,1.0668537605561372,False
2020-06-04,1676.199951171875,161.27999877929688,-90.37823627983393,2.005706851502308,True
2020-06-08,1714.699951171875,159.72000122070312,-90.68525072788705,0.7499860285311415,False
2020-06-09,1713.300048828125,161.25999450683594,-90.5877552144392,0.12226809284012208,False
2020-06-10,1732.0,163.57000732421875,-90.55600419606127,0.48552978472128094,False
2020-06-11,1729.300048828125,162.38999938964844,-90.60949547189955,0.1037765101444317,False
2020-06-15,1729.5999755859375,162.3300018310547,-90.61459273112779,0.12902192829474718,False
2020-06-16,1729.199951171875,162.25,-90.61704808110575,0.16993424474487528,False
2020-06-17,1724.800048828125,162.55999755859375,-90.57513955492746,0.21691173482660422,False
2020-06-18,1745.9000244140625,162.24000549316406,-90.70737137153012,1.146621938623406,False
2020-06-22,1772.0999755859375,165.08999633789062,-90.68393439352629,0.9244597301395417,False
2020-06-23,1765.800048828125,166.47999572753906,-90.5719792091962,0.19448375621148234,False
2020-06-24,1762.0999755859375,165.89999389648438,-90.58509754298595,0.038423072529690676,False
2020-06-25,1772.5,165.8000030517578,-90.64598008170618,0.5344431402498518,False
2020-06-29,1793.0,166.6300048828125,-90.70663664903445,1.1609879613521092,False
2020-06-30,1773.199951171875,167.3699951171875,-90.56113243142288,0.4415739535762183,False
2020-07-01,1784.0,166.6199951171875,-90.66031417504554,0.6147256927991532,False
2020-07-06,1804.199951171875,167.97999572753906,-90.68950225730626,0.9348542958763036,False
2020-07-07,1815.5,169.0399932861328,-90.68906674270819,0.8407103937008444,False
2020-07-08,1799.199951171875,170.08999633789062,-90.54635388206265,0.9081814874074813,False
2020-07-09,1798.199951171875,169.6300048828125,-90.5666772612097,0.5808275006773124,False
2020-07-13,1810.5999755859375,169.39999389648438,-90.64398563014096,0.3406836420084501,False
2020-07-14,1811.4000244140625,170.19000244140625,-90.60450479476735,0.3104738831239631,False
2020-07-15,1798.699951171875,170.33999633789062,-90.5298270438651,1.5535593771519152,False
2020-07-16,1808.300048828125,168.72999572753906,-90.66913724650479,0.8078704006292837,False
2020-07-20,1842.4000244140625,170.94000244140625,-90.72188448891438,1.5399565834614495,False
2020-07-21,1864.0999755859375,173.0,-90.71938188585506,1.3410592482176455,False
2020-07-22,1889.0999755859375,175.6300048828125,-90.7029798765236,0.9874908177569002,False
2020-07-23,1897.300048828125,177.17999267578125,-90.66146692057394,0.28686292695285476,False
2020-07-27,1944.699951171875,182.22999572753906,-90.62940297716739,0.16399470710853611,False
2020-07-28,1953.5,183.75,-90.59380598925006,0.672267391405509,False
2020-07-29,1942.300048828125,185.1300048828125,-90.46851669521865,2.2880201595820617,True
2020-07-30,1962.800048828125,183.75999450683594,-90.63786478828811,0.07809579489801445,False
2020-08-03,2001.199951171875,185.63999938964844,-90.72356566464335,1.2020250521645106,False
2020-08-04,2031.0999755859375,189.58999633789062,-90.66564922373172,0.441786748515672,False
2020-08-05,2051.5,191.35000610351562,-90.67267823039164,0.473424851668403,False
2020-08-06,2010.0999755859375,193.88999938964844,-90.3542111464814,2.8750825910051367,True
2020-08-10,1932.5999755859375,190.14999389648438,-90.16092330028962,3.1555103691740483,True
2020-08-11,1934.9000244140625,179.94000244140625,-90.70029458003151,0.7314671961858784,False
2020-08-12,1956.699951171875,179.10000610351562,-90.8468334147884,1.5659606449751509,False
2020-08-13,1937.0,183.3300018310547,-90.53536387036372,0.513130725523677,False
2020-08-17,1999.4000244140625,186.5,-90.67220177439704,0.3911260267412217,False
2020-08-18,1958.699951171875,188.17999267578125,-90.3926074760356,1.3314613026347857,False
2020-08-19,1933.800048828125,182.24000549316406,-90.57606779958451,0.18561673732777856,False
2020-08-20,1934.5999755859375,183.5,-90.51483498833277,0.5244990945485197,False
2020-08-24,1911.800048828125,181.0,-90.5324827190507,0.3574604623664994,False
2020-08-25,1940.699951171875,181.22000122070312,-90.66213192249141,0.501427846412266,False
2020-08-26,1921.5999755859375,183.36000061035156,-90.45795155391583,0.7500085138180017,False
2020-08-27,1964.5999755859375,181.24000549316406,-90.77471201540102,1.2352733219041825,False
2020-08-31,1968.199951171875,184.8300018310547,-90.60918573232328,0.1993416494886302,False
2020-09-01,1934.4000244140625,185.0500030517578,-90.43372618298999,0.8405922779492484,False
2020-09-02,1927.5999755859375,182.6199951171875,-90.52604288077582,0.2897102562633053,False
2020-09-03,1923.9000244140625,181.13999938964844,-90.5847498783199,0.09363948920967125,False
2020-09-08,1944.699951171875,181.2899932861328,-90.67773960826771,0.6996726144141767,False
2020-09-09,1954.199951171875,183.0500030517578,-90.63299520901184,0.42846018443973766,False
2020-09-10,1937.800048828125,182.4600067138672,-90.58416750354563,0.14678659229306765,False
2020-09-14,1956.300048828125,183.88999938964844,-90.60011272300467,0.1793843571078021,False
2020-09-15,1960.199951171875,183.4499969482422,-90.6412610183686,0.3929123043073072,False
2020-09-16,1940.0,183.97000122070312,-90.51701024635551,0.6549158419661814,False
2020-09-17,1952.0999755859375,182.9600067138672,-90.62752886624311,0.5444328081785454,False
2020-09-21,1898.5999755859375,179.52000427246094,-90.54461147261638,0.3663563427223714,False
2020-09-22,1859.9000244140625,178.64999389648438,-90.39464532762906,1.7434200732290748,False
2020-09-23,1868.300048828125,174.7899932861328,-90.64443672226159,0.7520887466568437,False
2020-09-24,1857.699951171875,175.44000244140625,-90.5560635703987,0.21944794174525326,False
2020-09-28,1894.300048828125,176.6999969482422,-90.67201644968786,0.9678342913755892,False
2020-09-29,1887.5,178.19000244140625,-90.55947006932948,0.2818637833130669,False
2020-09-30,1908.4000244140625,177.1199951171875,-90.71892722430829,1.3936094514561455,False
2020-10-01,1900.199951171875,178.6999969482422,-90.59572668455044,0.010909495014593738,False
2020-10-05,1901.0999755859375,179.41000366210938,-90.5628317307819,0.2722169273100074,False
2020-10-06,1883.5999755859375,177.3000030517578,-90.58717321353731,0.05261318808367358,False
2020-10-07,1888.5999755859375,177.22000122070312,-90.61632937034638,0.3447078512480622,False
2020-10-08,1919.5,177.85000610351562,-90.73456597533131,1.7592550240712141,False
2020-10-12,1888.5,180.55999755859375,-90.43897285895717,1.8739032726176694,False
2020-10-13,1901.300048828125,177.72000122070312,-90.65271147864107,0.7122813171337556,False
2020-10-14,1903.199951171875,178.27000427246094,-90.63314371342365,0.4744604237992796,False
2020-10-15,1900.800048828125,178.9199981689453,-90.58712155025182,0.08640310063778235,False
2020-10-19,1910.4000244140625,178.38999938964844,-90.66216514290706,0.7745759612150177,False
2020-10-20,1924.5999755859375,179.25,-90.68637627175342,1.0146621262984783,False
2020-10-21,1901.0999755859375,180.60000610351562,-90.50023626201705,1.139440023033756,False
2020-10-22,1902.0,178.8300018310547,-90.5977917018373,0.006100860690555828,False
2020-10-26,1908.800048828125,178.5500030517578,-90.64595565358586,0.5077422113029944,False
2020-10-27,1876.199951171875,179.02000427246094,-90.45837283170991,1.8700878755487838,False
2020-10-28,1865.5999755859375,176.1300048828125,-90.5590690829906,0.5354571147029942,False
2020-10-29,1877.4000244140625,175.39999389648438,-90.6572924461729,0.6455356990520924,False
2020-11-02,1908.5,177.91000366210938,-90.67801919506894,0.9010646546541112,False
2020-11-03,1894.5999755859375,178.9199981689453,-90.5563179312503,0.6318580526408659,False
2020-11-04,1945.300048828125,178.82000732421875,-90.80758737286094,2.2359558239371413,True
2020-11-05,1950.300048828125,182.92999267578125,-90.6204179820588,0.09435128232154763,False
2020-11-09,1875.4000244140625,175.0800018310547,-90.66439162035547,0.5371379749481218,False
2020-11-10,1860.699951171875,175.66000366210938,-90.55946642275784,0.6362037904646612,False
2020-11-11,1872.5999755859375,174.89999389648438,-90.66004506158566,0.471761082723042,False
2020-11-12,1885.699951171875,175.9600067138672,-90.668716589587,0.6298995189441504,False
2020-11-16,1884.5,177.14999389648438,-90.5996288725665,0.30693866728551866,False
2020-11-17,1873.5,176.5,-90.57912997064318,0.5285144669377112,False
2020-11-18,1861.0999755859375,175.49000549316406,-90.57062985356744,0.5943222667504534,False
2020-11-19,1872.5999755859375,175.16000366210938,-90.64616010115553,0.3578894020970069,False
2020-11-23,1804.800048828125,172.22999572753906,-90.45711485660864,1.8142924264546316,False
2020-11-24,1805.699951171875,169.58999633789062,-90.60807437980884,0.04115197825243942,False
2020-11-27,1781.9000244140625,167.7899932861328,-90.58364717508174,0.32398862800867045,False
2020-11-30,1814.0999755859375,166.6699981689453,-90.8125240939319,2.139897733846884,True
2020-12-01,1825.699951171875,170.17999267578125,-90.67864395972917,0.6309958591647526,False
2020-12-02,1836.800048828125,171.4600067138672,-90.66528733907327,0.4065529882393877,False
2020-12-03,1835.9000244140625,172.80999755859375,-90.58717820902328,0.5604944581364222,False
2020-12-07,1870.800048828125,174.88999938964844,-90.65159317805235,0.23090584698205613,False
2020-12-08,1834.5999755859375,175.5,-90.43388191783069,2.025496045008967,True
2020-12-09,1833.5999755859375,172.5,-90.59227736164883,0.32951303892568184,False
2020-12-10,1839.800048828125,172.1699981689453,-90.64191794762641,0.347063202011972,False
2020-12-14,1852.300048828125,171.5399932861328,-90.73908174894994,1.4000989840985985,False
2020-12-15,1856.0999755859375,173.94000244140625,-90.62873742097342,0.12490988180571796,False
2020-12-16,1887.199951171875,174.89999389648438,-90.73230190643665,1.2130788715857785,False
2020-12-17,1885.699951171875,176.74000549316406,-90.62735270352378,0.024928669577119464,False
2020-12-21,1866.5999755859375,175.8800048828125,-90.57752024090739,0.49793914183402727,False
2020-12-22,1874.699951171875,174.49000549316406,-90.69237691161776,0.7636487403076898,False
2020-12-24,1879.9000244140625,176.35000610351562,-90.61918166853148,0.09278058013936932,False
2020-12-28,1879.699951171875,175.7100067138672,-90.6522311391069,0.2418084780572006,False
2020-12-29,1891.0,176.35000610351562,-90.6742461076935,0.47787301594638015,False
2020-12-30,1893.0999755859375,177.6999969482422,-90.61327984575976,0.35617337889947936,False
2021-01-04,1952.699951171875,182.3300018310547,-90.66267187021576,0.2537189716851454,False
2021-01-05,1906.9000244140625,182.8699951171875,-90.4100900531805,2.4458157542910115,True
2021-01-06,1912.300048828125,179.89999389648438,-90.59248081875391,0.37960092745050855,False
2021-01-07,1834.0999755859375,179.47999572753906,-90.21427413354603,3.171792716301734,True
2021-01-11,1842.9000244140625,173.0,-90.61262153626569,0.12295993975820758,False
2021-01-12,1853.5999755859375,174.1199951171875,-90.60638770983222,0.06342347182930494,False
2021-01-13,1850.300048828125,173.3699951171875,-90.63016859200808,0.2700222681887232,False
2021-01-14,1829.300048828125,173.27999877929688,-90.52752450915297,0.6481225048011605,False
2021-01-19,1865.9000244140625,172.5800018310547,-90.75084411956911,1.1709689157690624,False
2021-01-20,1865.300048828125,175.38999938964844,-90.59722324567367,0.09016771192185974,False
2021-01-21,1855.699951171875,175.27999877929688,-90.55450755017763,0.3809202342434559,False
2021-01-25,1850.699951171875,174.0500030517578,-90.59544995710687,0.01453271215824056,False
2021-01-26,1844.9000244140625,173.6199951171875,-90.58919221531644,0.007068768101618049,False
2021-01-27,1837.9000244140625,172.52000427246094,-90.61319973987912,0.21474325473347514,False
2021-01-28,1847.300048828125,172.67999267578125,-90.6523040052251,0.5281882001912694,False
2021-02-01,1830.5,174.22999572753906,-90.48183579745758,0.8961205022543028,False
2021-02-02,1832.199951171875,172.11000061035156,-90.60637456625462,0.2187498075636863,False
2021-02-03,1788.9000244140625,171.85000610351562,-90.39353771825212,1.4819934362110545,False
2021-02-04,1810.9000244140625,168.14999389648438,-90.71456228231642,1.1915295467042157,False
2021-02-08,1835.300048828125,171.52000427246094,-90.65438894408683,0.6691737898382489,False
2021-02-09,1840.5999755859375,172.0800018310547,-90.65087449127698,0.6474214604677438,False
2021-02-10,1824.9000244140625,172.7100067138672,-90.53591953513613,0.37029719160518504,False
2021-02-11,1821.5999755859375,171.2100067138672,-90.60111940005952,0.19041732666293945,False
2021-02-16,1771.0999755859375,168.24000549316406,-90.50081825914403,1.1529461217904782,False
2021-02-17,1773.4000244140625,166.3300018310547,-90.62084134762485,0.335411132769409,False
2021-02-18,1775.800048828125,166.32000732421875,-90.6340802595441,0.47997220615953406,False
2021-02-22,1804.4000244140625,169.50999450683594,-90.60574195226579,0.14555412447190738,False
2021-02-23,1796.4000244140625,169.1199951171875,-90.58561607555366,0.14299221599775758,False
2021-02-24,1774.4000244140625,169.0,-90.47565387315598,1.4393629202900227,False
2021-02-25,1728.0999755859375,165.82000732421875,-90.40448992148183,1.9989353706924666,False
2021-03-01,1733.0999755859375,161.52999877929688,-90.67970682275927,1.1398980701075665,False
2021-03-02,1715.300048828125,162.41000366210938,-90.53168547549065,0.5091081875395745,False
2021-03-03,1700.199951171875,160.6199951171875,-90.55287614809782,0.24802867377329813,False
2021-03-04,1698.0,159.0399932861328,-90.63368708562233,0.6510617696701426,False
2021-03-08,1716.5999755859375,157.49000549316406,-90.82546849976467,2.3193413109469567,True
2021-03-09,1721.5,160.83999633789062,-90.65698540006444,0.6240827972012637,False
2021-03-10,1722.300048828125,161.66000366210938,-90.61371427283504,0.1968586066104991,False
2021-03-11,1719.5,161.52000427246094,-90.6065714293422,0.025690506315570412,False
2021-03-15,1730.5999755859375,162.1999969482422,-90.62752806908337,0.31698276278149495,False
2021-03-16,1726.800048828125,162.35000610351562,-90.59821626634232,0.013177566437358639,False
2021-03-17,1732.199951171875,163.50999450683594,-90.56055887796224,0.3736931914982132,False
2021-03-18,1741.4000244140625,162.55999755859375,-90.6649824693042,0.7669129947822999,False
2021-03-22,1724.699951171875,163.0,-90.54908073202837,0.5457594192122637,False
2021-03-23,1732.9000244140625,161.80999755859375,-90.66247358307322,0.6831437615065253,False
2021-03-24,1724.9000244140625,162.3699951171875,-90.58670109461309,0.1895969686025633,False
2021-03-25,1732.199951171875,161.77999877929688,-90.66043162800872,0.6581635856165642,False
2021-03-29,1683.9000244140625,160.30999755859375,-90.47983875323145,1.3112965108366381,False
2021-03-30,1713.800048828125,157.57000732421875,-90.805811481219,1.9470610731224152,False
2021-03-31,1726.5,159.9600067138672,-90.73501264327442,1.1342873237707567,False
2021-04-05,1741.5,161.9199981689453,-90.70226826477489,0.7530540225864282,False
2021-04-06,1740.0999755859375,163.22000122070312,-90.62007910403294,0.15733218603608093,False
2021-04-07,1756.800048828125,162.75999450683594,-90.73542862117945,1.0655172859369013,False
2021-04-08,1743.300048828125,164.50999450683594,-90.56330006888818,0.9501435842865856,False
2021-04-12,1746.199951171875,162.27999877929688,-90.70667716658733,0.6782151243028177,False
2021-04-13,1734.9000244140625,163.42999267578125,-90.57986106542495,0.727935461730113,False
2021-04-14,1765.4000244140625,162.72000122070312,-90.78282548032081,1.6856287734599542,False
2021-04-15,1779.0,165.35000610351562,-90.7054521583184,0.6968149529054308,False
2021-04-19,1777.300048828125,165.88999938964844,-90.66617932638728,0.1970901328239269,False
2021-04-20,1792.300048828125,166.47999572753906,-90.71137693510693,0.6781038740917338,False
2021-04-21,1781.199951171875,168.1300048828125,-90.56085731575517,1.0525921674916925,False
2021-04-22,1777.0,167.0399932861328,-90.59988782858002,0.6372937644049755,False
2021-04-26,1778.0,166.83999633789062,-90.61642315309952,0.4118986608287718,False
2021-04-27,1773.199951171875,166.4199981689453,-90.61470771759488,0.4874088841621635,False
2021-04-28,1768.0999755859375,166.91000366210938,-90.55992274380318,1.0573269622707722,False
2021-04-29,1767.300048828125,166.22000122070312,-90.594692659522,0.6545891713826532,False
2021-05-03,1775.800048828125,167.80999755859375,-90.55017496652655,1.079622299241433,False
2021-05-04,1784.0999755859375,166.5800018310547,-90.66307919339856,0.11966948752461531,False
2021-05-05,1815.5,167.27000427246094,-90.78655994092752,1.749357780426766,False
2021-05-06,1831.0999755859375,170.05999755859375,-90.71268637289037,0.8099943737752582,False
2021-05-10,1835.9000244140625,172.11000061035156,-90.62530648065756,0.30105996489066267,False
2021-05-11,1822.5999755859375,172.13999938964844,-90.5552506476739,1.1556678952828785,False
2021-05-12,1823.800048828125,170.42999267578125,-90.65522600543353,0.19785646701340137,False
2021-05-13,1837.9000244140625,171.1300048828125,-90.68882950053988,0.5778717497230027,False
2021-05-17,1867.800048828125,174.6999969482422,-90.64675059528719,0.041313889815999524,False
2021-05-18,1881.300048828125,175.0399932861328,-90.69579605894518,0.6543864530489701,False
2021-05-19,1881.800048828125,175.16000366210938,-90.69189078982176,0.7295412004990736,False
2021-05-20,1876.699951171875,175.9600067138672,-90.62396700101198,0.2711542674774773,False
2021-05-24,1898.0999755859375,176.35000610351562,-90.70912974175258,1.0255644785225704,False
2021-05-25,1901.300048828125,177.9499969482422,-90.64061471739178,0.016479686495174277,False
2021-05-26,1895.699951171875,177.63999938964844,-90.62931877590461,0.2297684215586362,False
2021-05-27,1902.5,177.7100067138672,-90.65913236720803,0.22379493263290484,False
2021-06-01,1907.5,177.89999389648438,-90.67365693858535,0.423011476453938,False
2021-06-02,1871.199951171875,178.77000427246094,-90.44623723079393,2.625975523148184,True
2021-06-03,1889.800048828125,175.27000427246094,-90.72547360864199,1.0415045079465302,False
2021-06-07,1892.199951171875,177.8699951171875,-90.5998309001631,0.6679031096784959,False
2021-06-08,1893.199951171875,177.32000732421875,-90.63384682561083,0.2758111205978248,False
2021-06-09,1894.199951171875,176.97999572753906,-90.65674161705854,0.05623074246801465,False
2021-06-10,1877.4000244140625,177.74000549316406,-90.5326513698839,1.5963778266835904,False
2021-06-14,1854.5,174.7100067138672,-90.57913147943559,0.8184032014076089,False
2021-06-15,1859.5,174.0500030517578,-90.63995681356506,0.08719895162091858,False
2021-06-16,1773.800048828125,171.11000061035156,-90.35347863907226,3.0042325192994714,True
2021-06-17,1767.9000244140625,165.85000610351562,-90.61881306560402,0.03842017529423991,False
2021-06-21,1776.300048828125,166.9499969482422,-90.60125021905033,0.18797112001373797,False
2021-06-22,1782.300048828125,166.25,-90.6721654353704,0.5949310996305861,False
2021-06-23,1775.5999755859375,166.13999938964844,-90.64316278024147,0.30451351146177447,False
2021-06-24,1776.5999755859375,166.0399932861328,-90.6540585631061,0.45756528313239975,False
2021-06-28,1762.800048828125,166.5800018310547,-90.55026110636916,0.6949941363348459,False
2021-06-29,1770.800048828125,164.8300018310547,-90.69177788084343,0.9459207263719225,False
2021-06-30,1775.9000244140625,165.6300048828125,-90.67346119681145,0.7073126629791622,False
2021-07-01,1782.5999755859375,166.1999969482422,-90.67653992906554,0.7063710920658183,False
2021-07-06,1801.5,168.1199951171875,-90.66777712366431,0.6006644334423621,False
2021-07-07,1799.5999755859375,168.75999450683594,-90.62236070258398,0.11884479906202128,False
2021-07-08,1810.0,168.64999389648438,-90.68232077919976,0.7353194040822069,False
2021-07-12,1809.4000244140625,169.0,-90.65988738146905,0.5150092577680847,False
2021-07-13,1824.300048828125,169.22000122070312,-90.72411353990782,1.2217313080241348,False
2021-07-14,1828.4000244140625,171.0399932861328,-90.64537349582758,0.22682027805763888,False
2021-07-15,1814.5,171.07000732421875,-90.57205801464762,0.6336819908931786,False
2021-07-19,1810.9000244140625,169.61000061035156,-90.63393901796259,0.07533136064824485,False
2021-07-20,1802.9000244140625,169.38999938964844,-90.60458166865355,0.3221083923421307,False
2021-07-21,1805.0,168.75999450683594,-90.6504158167958,0.26637081949416563,False
2021-07-22,1801.4000244140625,169.08999633789062,-90.61341212133655,0.7039285402388898,False
2021-07-26,1799.5,168.16000366210938,-90.65518179149156,0.2520942634269853,False
2021-07-27,1799.5,168.44000244140625,-90.63962198158343,0.17367193235992456,False
2021-07-28,1831.199951171875,169.2899932861328,-90.75524258408832,2.2303862555296474,True
2021-07-29,1812.5999755859375,171.1699981689453,-90.55665891677984,1.7485225267636317,False
2021-08-02,1810.0999755859375,169.61000061035156,-90.6297992984919,0.30008928868270945,False
2021-08-03,1810.5,169.49000549316406,-90.63849734917625,0.2403042322544916,False
2021-08-04,1805.0999755859375,169.52999877929688,-90.60827649037736,0.8055151875263449,False
2021-08-05,1760.0,168.86000061035156,-90.40568178350276,3.224784222583924,True
2021-08-09,1728.800048828125,161.72000122070312,-90.64553466837731,0.21575577500946075,False
2021-08-10,1750.4000244140625,161.77000427246094,-90.75811231626253,1.6452849357756216,False
2021-08-11,1749.0,164.0,-90.62321326472271,0.15888823356691267,False
2021-08-12,1775.199951171875,164.0399932861328,-90.75935118306847,1.5202311249319729,False
2021-08-16,1785.0,167.22000122070312,-90.63193270472252,0.07105124748633969,False
2021-08-17,1781.5999755859375,166.97000122070312,-90.62808691576292,0.06101990709946917,False
2021-08-18,1780.199951171875,167.10000610351562,-90.61341362280588,0.23200154077016083,False
2021-08-19,1781.0,166.61000061035156,-90.64514314371974,0.13744945830431804,False
2021-08-23,1805.5999755859375,168.72999572753906,-90.65518398266569,0.2563542045587424,False
2021-08-24,1788.199951171875,168.64999389648438,-90.56872841395831,0.8536072211397494,False
2021-08-25,1792.199951171875,167.47999572753906,-90.65506080289602,0.2708993316098822,False
2021-08-26,1816.5999755859375,167.6699981689453,-90.77011998115523,1.5573980938254803,False
2021-08-30,1815.0,169.35000610351562,-90.66942115132144,0.3225942941092161,False
2021-08-31,1813.0999755859375,169.69000244140625,-90.64089103048121,0.02460703162604645,False
2021-09-01,1808.699951171875,169.6999969482422,-90.61757054627597,0.23636356312213125,False
2021-09-02,1830.9000244140625,169.25,-90.75591251607719,1.3715833520130507,False
2021-09-07,1790.699951171875,167.7100067138672,-90.63438815620037,0.14779616670354428,False
2021-09-08,1797.4000244140625,167.2899932861328,-90.6926676858888,0.5416944682651538,False
2021-09-09,1789.5999755859375,168.02999877929688,-90.61075094593238,0.4748624527551697,False
2021-09-13,1804.699951171875,167.74000549316406,-90.70537983977654,0.7173217663643531,False
2021-09-14,1792.4000244140625,168.82000732421875,-90.58134316978676,1.3153929899981394,False
2021-09-15,1754.5999755859375,167.8300018310547,-90.43485671000258,2.812180148475831,True
2021-09-16,1749.4000244140625,164.02999877929688,-90.62364259230897,0.28215718901274456,False
2021-09-20,1776.0,164.94000244140625,-90.71283770037127,0.9856017326789285,False
2021-09-21,1776.699951171875,166.0399932861328,-90.6545844628061,0.15502599549085572,False
2021-09-22,1747.699951171875,165.4199981689453,-90.53498868280981,1.3759007181763558,False
2021-09-23,1749.699951171875,163.50999450683594,-90.65496947649088,0.1865112488245327,False
2021-09-27,1735.800048828125,163.63999938964844,-90.57264691862838,0.841447972417404,False
2021-09-28,1721.5,162.0500030517578,-90.58669747012735,0.6085880637154992,False
2021-09-29,1755.300048828125,161.32000732421875,-90.80954806376725,1.920846551684382,False
2021-09-30,1757.0,164.22000122070312,-90.6533863847067,0.08870881411194637,False
2021-10-04,1759.5999755859375,165.36000061035156,-90.60240947347776,0.43563887892365816,False
2021-10-05,1760.5,164.58999633789062,-90.65095164226693,0.1800622345975075,False
2021-10-06,1757.9000244140625,165.02999877929688,-90.61209417558862,0.28620387676515907,False
2021-10-07,1756.300048828125,164.16000366210938,-90.65307754380332,0.201997227856071,False
2021-10-11,1758.300048828125,163.9199981689453,-90.67735917551757,0.5847814568477062,False
2021-10-12,1793.699951171875,164.66000366210938,-90.82009209207301,2.050490002433646,True
2021-10-13,1796.699951171875,167.58999633789062,-90.6723436916341,0.3611327739113244,False
2021-10-14,1767.199951171875,168.0,-90.49343568119754,1.5388824172299376,False
2021-10-18,1769.699951171875,164.9199981689453,-90.6809062146531,0.512077811233967,False
2021-10-19,1784.0999755859375,165.4499969482422,-90.72641672483041,0.9172585348709773,False
2021-10-20,1781.199951171875,166.89999389648438,-90.62991250439465,0.26796613803260905,False
2021-10-21,1795.5,166.75,-90.71289334447229,0.7164035234664087,False
2021-10-25,1792.699951171875,168.92999267578125,-90.57678377436487,0.8925097323516822,False
2021-10-26,1797.9000244140625,167.67999267578125,-90.67356413600204,0.2948894178209104,False
2021-10-27,1801.5999755859375,168.1199951171875,-90.6682949935926,0.15613710551005958,False
2021-10-28,1783.0,168.0800018310547,-90.5731911480059,1.007859534456207,False
2021-11-01,1788.699951171875,167.52000427246094,-90.6345385561894,0.27306615022215663,False
2021-11-02,1763.5999755859375,167.16000366210938,-90.52165990155606,1.6165268389290617,False
2021-11-03,1793.0,165.77000427246094,-90.75460098870826,1.3866885965793077,False
2021-11-04,1816.4000244140625,167.64999389648438,-90.77020526078417,1.427398857220638,False
2021-11-08,1830.199951171875,170.4499969482422,-90.68681010295606,0.3426099452189092,False
2021-11-09,1847.5999755859375,171.2899932861328,-90.72905414864975,0.808049518019281,False
2021-11-10,1863.199951171875,173.14999389648438,-90.70684851684435,0.47890017374406463,False
2021-11-11,1867.9000244140625,174.1199951171875,-90.67830221953089,0.11057697529677492,False
2021-11-15,1853.5999755859375,174.17999267578125,-90.60315089717663,0.7606247785760324,False
2021-11-16,1869.699951171875,172.9199981689453,-90.75145730947021,1.1646173811070009,False
2021-11-17,1861.0,174.5,-90.62332079527135,0.472921279754656,False
2021-11-18,1851.199951171875,173.94000244140625,-90.60393220455218,0.9032185917339018,False
2021-11-22,1783.5,168.74000549316406,-90.53882783890306,1.6256549163549932,False
2021-11-23,1784.0999755859375,167.27999877929688,-90.62384389505087,0.4059181085231369,False
2021-11-26,1785.300048828125,166.85000610351562,-90.65423169550483,0.0006115665659160941,False
2021-11-29,1773.5999755859375,166.6199951171875,-90.60554818387715,0.6092915795816701,False
2021-11-30,1781.5999755859375,165.5,-90.71059708868879,0.7821974944346518,False
2021-12-01,1760.699951171875,166.16000366210938,-90.56284385357553,1.1927266311813174,False
2021-12-02,1782.0,165.24000549316406,-90.72727241901435,0.9893066231363814,False
2021-12-06,1782.5999755859375,166.22000122070312,-90.6754177326819,0.23760201411419118,False
2021-12-07,1783.4000244140625,166.80999755859375,-90.64651815212353,0.16802353013699803,False
2021-12-08,1774.5999755859375,166.89999389648438,-90.59506389087055,1.0052522282623761,False
2021-12-09,1782.9000244140625,165.8800048828125,-90.69605683934365,0.572233689008715,False
2021-12-13,1770.4000244140625,167.0,-90.56710360952063,1.3363819131330068,False
2021-12-14,1762.5999755859375,165.44000244140625,-90.61386561142953,0.5184107951730764,False
2021-12-15,1796.5999755859375,166.14999389648438,-90.75197616863505,1.6650091510966463,False
2021-12-16,1803.800048828125,168.16000366210938,-90.67745874763902,0.5178490490950868,False
2021-12-20,1787.9000244140625,167.08999633789062,-90.654399348048,0.16651953131892175,False
2021-12-21,1801.5999755859375,167.02000427246094,-90.7293513246113,1.2406015387818954,False
2021-12-22,1811.199951171875,168.58999633789062,-90.6918064883554,0.7401327906479922,False
2021-12-27,1810.199951171875,169.3699951171875,-90.64357531290717,0.08231144759172146,False
2021-12-28,1805.0999755859375,168.63999938964844,-90.65758120489102,0.10921168363795189,False
2021-12-29,1812.699951171875,168.58999633789062,-90.69950897119512,0.7563248558350718,False
2021-12-30,1827.5,169.8000030517578,-90.7086181640625,0.8412482877213381,False
2022-01-03,1814.0,168.3300018310547,-90.72050706554275,0.9750025144467801,False
2022-01-04,1824.5999755859375,169.57000732421875,-90.70645568381288,0.6437261867106161,False
2022-01-05,1788.699951171875,169.05999755859375,-90.5484428817794,1.9340211102879137,False
2022-01-06,1797.0,166.99000549316406,-90.70728962197195,0.6575022168127911,False
2022-01-10,1818.5999755859375,168.25999450683594,-90.74782817740751,1.3406862880526245,False
2022-01-11,1827.199951171875,170.2899932861328,-90.68027595026383,0.14289084059744434,False
2022-01-12,1821.199951171875,170.74000549316406,-90.62486217489194,0.8062879550081723,False
2022-01-13,1816.5,170.16000366210938,-90.63253489336034,0.7311626210612425,False
2022-01-18,1843.0999755859375,169.38999938964844,-90.80950563542828,2.074690860337261,True
2022-01-19,1842.5,172.0800018310547,-90.66051550442037,0.39587447036472734,False
2022-01-20,1831.800048828125,171.64999389648438,-90.6294361108738,0.9638505365437103,False
2022-01-24,1852.699951171875,172.02999877929688,-90.71463251939505,0.5897378044260406,False
2022-01-25,1829.9000244140625,172.5800018310547,-90.5688835713134,1.7831011616132533,False
2022-01-26,1793.300048828125,169.7899932861328,-90.5319807805121,2.0229364358286284,True
2022-01-27,1784.9000244140625,167.60000610351562,-90.6101180003886,0.7985187912055394,False
2022-01-31,1800.300048828125,168.08999633789062,-90.66322325285132,0.0009624318761100857,False
2022-02-01,1809.199951171875,168.22999572753906,-90.7014149752452,0.514933980620278,False
2022-02-02,1803.0,168.83999633789062,-90.63560752424344,0.4287472806084251,False
2022-02-03,1806.5999755859375,168.60000610351562,-90.66755184424082,0.059578682374284334,False
2022-02-07,1826.5999755859375,170.11000061035156,-90.68706871323681,0.3643316664816061,False
2022-02-08,1835.199951171875,170.6300048828125,-90.7023752494187,0.6101700937549301,False
2022-02-09,1836.199951171875,171.2100067138672,-90.6758516900842,0.23970899960800013,False
2022-02-10,1840.800048828125,170.55999755859375,-90.73446365523652,1.0391352608732505,False
2022-02-14,1854.800048828125,174.74000549316406,-90.57903812308147,1.2864791161231435,False
2022-02-15,1870.199951171875,173.0800018310547,-90.74537448669047,1.2715907089994303,False
2022-02-16,1900.699951171875,174.86000061035156,-90.8002312252104,1.8298118557118535,False
2022-02-17,1898.5999755859375,177.25,-90.66417348155196,0.09173529655287131,False
2022-02-22,1909.199951171875,177.49000549316406,-90.70343546865168,0.41173099158014137,False
2022-02-23,1925.0999755859375,178.2899932861328,-90.7386631579034,1.0401590981209279,False
2022-02-24,1886.5,177.13999938964844,-90.6101246016619,0.8703276674526722,False
2022-02-28,1942.4000244140625,178.3800048828125,-90.81651551478836,1.8848411714398847,False
2022-03-01,1920.9000244140625,181.6199951171875,-90.54505737889261,1.5732199288277775,False
2022-03-02,1934.4000244140625,179.72999572753906,-90.70874723639542,0.43247646160368125,False
2022-03-03,1965.0999755859375,180.8000030517578,-90.79945014004448,1.5204531985829943,False
2022-03-07,2040.0999755859375,186.41000366210938,-90.86270251983262,2.0211194184968595,True
2022-03-08,1985.9000244140625,191.50999450683594,-90.35651381477068,2.980373353229133,True
2022-03-09,1998.0999755859375,185.82000732421875,-90.70016467670855,0.12194077684808169,False
2022-03-10,1982.699951171875,186.39999389648438,-90.5986786459387,0.7691494322989442,False
2022-03-14,1928.5,182.3000030517578,-90.54705714017331,1.1343715765103992,False
2022-03-15,1908.0,178.88999938964844,-90.62421386846707,0.44054573349901865,False
2022-03-16,1942.0999755859375,180.00999450683594,-90.73116745946479,0.46125128909110796,False
2022-03-17,1928.199951171875,180.88999938964844,-90.618711545983,0.47050522368949577,False
2022-03-21,1920.699951171875,180.6699981689453,-90.59353346373996,0.6219646074524291,False
2022-03-22,1936.5999755859375,179.36000061035156,-90.73840737005668,0.5382955456256061,False
2022-03-23,1961.5999755859375,181.80999755859375,-90.73154568610317,0.48743032870359,False
2022-03-24,1953.800048828125,183.1300048828125,-90.62698329889733,0.341355865067068,False
2022-03-28,1912.0,179.05999755859375,-90.63493736618233,0.25805994163944035,False
2022-03-29,1933.5,179.13999938964844,-90.73493667496,0.6019201621473566,False
2022-03-30,1949.199951171875,180.5800018310547,-90.7356861094477,0.6102717194784755,False
2022-03-31,1919.0999755859375,180.64999389648438,-90.58673356288651,0.675213945263206,False
2022-04-04,1922.9000244140625,180.3699951171875,-90.61989740355071,0.3171201725440058,False
2022-04-05,1918.4000244140625,179.24000549316406,-90.6567971636724,0.033187312102730716,False
2022-04-06,1933.800048828125,179.66000366210938,-90.70948396288527,0.45947902370251453,False
2022-04-07,1941.5999755859375,180.33999633789062,-90.71178416741236,0.5438641794468785,False
2022-04-11,1972.0999755859375,182.3699951171875,-90.7524974709762,1.0917172564065805,False
2022-04-12,1981.0,183.77000427246094,-90.72337181865416,0.8509597934678568,False
2022-04-13,1970.9000244140625,184.64999389648438,-90.63118414890782,0.532850469368946,False
2022-04-18,1955.699951171875,184.61000061035156,-90.56041288441351,1.543036184777577,False
2022-04-19,1952.300048828125,181.82000732421875,-90.68688199678338,0.2691082088239602,False
2022-04-20,1944.9000244140625,182.7100067138672,-90.6056864404168,1.031379429115606,False
2022-04-21,1931.0,182.05999755859375,-90.5717246215125,1.4083879865429583,False
2022-04-25,1901.4000244140625,177.0500030517578,-90.6884400558311,0.37001574083666544,False
2022-04-26,1885.9000244140625,177.32000732421875,-90.5975923946811,1.0741198532085245,False
2022-04-27,1888.699951171875,175.97999572753906,-90.68247999803519,0.32954646797287096,False
2022-04-28,1909.300048828125,176.92999267578125,-90.73325364526251,1.1616466220044934,False
2022-05-02,1868.800048828125,173.6300048828125,-90.7090111116119,0.6932916230424486,False
2022-05-03,1867.0,174.08999633789062,-90.67541530059503,0.11126831057555074,False
2022-05-04,1874.0,175.8000030517578,-90.61899663544516,0.7367791258030567,False
2022-05-05,1881.199951171875,175.1300048828125,-90.69051619027967,0.5205450684758356,False
2022-05-09,1839.9000244140625,172.8800048828125,-90.60383702435854,1.0214534021897796,False
2022-05-10,1852.5999755859375,171.4199981689453,-90.74705816539111,1.3519860502226857,False
2022-05-11,1823.800048828125,172.82000732421875,-90.52418013502832,2.0496999022495426,True
2022-05-12,1807.4000244140625,170.1699981689453,-90.58481819905295,1.0328557192773191,False
2022-05-16,1818.199951171875,170.39999389648438,-90.6280938030684,0.33954827431909823,False
2022-05-17,1815.9000244140625,169.3300018310547,-90.67514733440832,0.45039687959619995,False
2022-05-18,1841.199951171875,169.4199981689453,-90.79839220823823,2.1285771214695446,True
2022-05-19,1841.800048828125,171.91000366210938,-90.66619616111478,0.19889420518533432,False
2022-05-23,1865.0999755859375,172.8300018310547,-90.73347251657334,1.0643910713752123,False
2022-05-24,1846.199951171875,174.1300048828125,-90.56819361454951,1.228158376103273,False
2022-05-25,1847.4000244140625,173.0800018310547,-90.63115732685182,0.36022557601092725,False
2022-05-26,1851.300048828125,172.75999450683594,-90.66817966022346,0.10354727117985643,False
2022-05-31,1843.300048828125,171.13999938964844,-90.71556475580574,0.778717642515279,False
2022-06-01,1866.5,172.22999572753906,-90.77256920827543,1.4369874283854025,False
2022-06-02,1845.4000244140625,174.35000610351562,-90.55218360263791,1.4970920021929952,False
2022-06-06,1847.5,171.82000732421875,-90.69986428556327,0.49628999291108206,False
2022-06-07,1851.9000244140625,172.94000244140625,-90.66148279272667,0.009792830597791532,False
2022-06-08,1848.800048828125,172.77999877929688,-90.65447889354965,0.07165607784512251,False
2022-06-09,1871.5,172.22999572753906,-90.79722170838691,1.6367749538961125,False
2022-06-13,1809.5,169.92999267578125,-90.60900841802811,0.6988965513113113,False
2022-06-14,1815.300048828125,168.57000732421875,-90.71393142786286,0.5563167545820784,False
2022-06-15,1845.699951171875,170.77000427246094,-90.74768332934964,0.983510360895119,False
2022-06-16,1835.5999755859375,172.69000244140625,-90.59217668673796,1.1054231288267726,False
2022-06-21,1834.300048828125,170.6300048828125,-90.69781386137876,0.26422096605909834,False
2022-06-22,1825.699951171875,171.30999755859375,-90.61674962259632,0.868943792043399,False
2022-06-23,1826.5,170.25999450683594,-90.67834686521566,0.005432418803871974,False
2022-06-27,1817.5,169.89999389648438,-90.65199483375602,0.29650916945457834,False
2022-06-28,1813.699951171875,169.6199951171875,-90.64784696015502,0.34475543151645927,False
2022-06-29,1804.0999755859375,169.49000549316406,-90.60528752359652,0.8979564695455331,False
2022-06-30,1798.9000244140625,168.4600067138672,-90.63538804671828,0.517659339308087,False
2022-07-05,1734.9000244140625,164.75,-90.50377556737645,2.195538038465864,True
2022-07-06,1737.9000244140625,162.13999938964844,-90.67034943829324,0.1278769350307439,False
2022-07-07,1740.5999755859375,162.22999572753906,-90.67965080989228,0.28670207257767055,False
2022-07-11,1723.300048828125,161.42999267578125,-90.63250808902626,0.3029354014083211,False
2022-07-12,1734.199951171875,160.8300018310547,-90.72598279556087,1.028399633267072,False
2022-07-13,1704.5,161.60000610351562,-90.51921348762009,1.9019677814184182,False
2022-07-14,1702.4000244140625,159.3300018310547,-90.64085998906788,0.1453722951475519,False
2022-07-18,1710.0,159.16000366210938,-90.69239744666027,0.5604701429531308,False
2022-07-19,1699.5,159.5399932861328,-90.61253349301954,0.5009874226140949,False
2022-07-20,1712.699951171875,158.0399932861328,-90.77246465862292,1.7777600178918875,False
2022-07-21,1727.0999755859375,160.27000427246094,-90.72028217601662,0.9992553762648252,False
2022-07-25,1717.699951171875,160.22999572753906,-90.67182859158699,0.3631540183549322,False
2022-07-26,1719.0999755859375,160.0399932861328,-90.6904778338104,0.5826991378601932,False
2022-07-27,1750.300048828125,161.6699981689453,-90.76329808268085,1.574623179433749,False
2022-07-28,1762.9000244140625,163.63999938964844,-90.71756780739521,0.8180286186548184,False
2022-08-01,1771.0999755859375,165.02999877929688,-90.68206193584868,0.2961035613407509,False
2022-08-02,1758.0,164.0500030517578,-90.6683729777157,0.08424044040335325,False
2022-08-03,1788.5,164.4499969482422,-90.80514414603063,1.7873758533252222,False
2022-08-04,1772.9000244140625,167.1699981689453,-90.57081641001193,1.2671565647211758,False
2022-08-08,1794.0,166.69000244140625,-90.70847255064625,0.46630243219919515,False
2022-08-09,1795.5999755859375,167.1999969482422,-90.68834934163542,0.10115257478545532,False
2022-08-10,1789.699951171875,166.77999877929688,-90.68111955470015,0.01583130629269645,False
2022-08-11,1798.5999755859375,166.33999633789062,-90.7516958414446,0.9673758978430261,False
2022-08-15,1773.199951171875,165.7100067138672,-90.65474784136146,0.4767371421685835,False
2022-08-16,1760.300048828125,165.4199981689453,-90.60273853431582,1.1260373322063766,False
2022-08-17,1755.300048828125,164.35000610351562,-90.6369280731668,0.8412064722957697,False
2022-08-18,1747.5999755859375,163.9199981689453,-90.62027921384092,1.0871032782135237,False
2022-08-22,1746.800048828125,161.63999938964844,-90.74650819376335,0.9453434071731197,False
2022-08-23,1747.800048828125,162.77000427246094,-90.68714957517045,0.08251803308857955,False
2022-08-24,1757.699951171875,163.25,-90.71229421772699,0.41504100707327835,False
2022-08-25,1736.0999755859375,163.75,-90.56793950217447,1.8386833829908134,False
2022-08-29,1723.199951171875,161.86000061035156,-90.6070099119793,1.1133895216818774,False
2022-08-30,1712.800048828125,160.50999450683594,-90.62879554349297,0.7145748704720676,False
2022-08-31,1696.5999755859375,159.27000427246094,-90.61240088622213,0.8792753003218753,False
2022-09-01,1709.800048828125,157.8699951171875,-90.76675689503053,1.4741831692728977,False
2022-09-06,1715.300048828125,158.3300018310547,-90.76954484206865,1.3734509181702999,False
2022-09-07,1708.0,159.94000244140625,-90.63583123879354,0.5283065556965977,False
2022-09-08,1716.199951171875,158.97999572753906,-90.73651088155651,1.042654428730259,False
2022-09-12,1705.0,160.6300048828125,-90.57888534411657,1.4224999549384159,False
2022-09-13,1696.5,158.5399932861328,-90.65487808510859,0.19194137183101348,False
2022-09-14,1665.4000244140625,157.92999267578125,-90.51699349341935,1.9839439196342543,False
2022-09-15,1671.699951171875,154.97999572753906,-90.72919780736387,0.937522923499188,False
2022-09-19,1659.699951171875,155.9600067138672,-90.60312036499444,0.7116267594210822,False
2022-09-20,1664.5999755859375,155.07000732421875,-90.68424789147109,0.41318966282514624,False
2022-09-21,1670.800048828125,155.7899932861328,-90.67572487830596,0.24509898179423845,False
2022-09-22,1645.300048828125,155.6999969482422,-90.53668070701508,1.5558809514260663,False
2022-09-26,1626.699951171875,151.22999572753906,-90.70326426096018,0.6039651854940719,False
2022-09-27,1660.4000244140625,151.5399932861328,-90.87328408468257,2.3872498910874658,True
2022-09-28,1658.5,154.69000244140625,-90.672897049056,0.10951231535168585,False
2022-09-29,1662.4000244140625,154.66000366210938,-90.69658316946779,0.3908913396329319,False
2022-10-03,1721.0999755859375,158.42999267578125,-90.79484080395477,1.3605231394416546,False
2022-10-04,1711.4000244140625,160.6999969482422,-90.61002719085145,0.7207073223635821,False
2022-10-05,1711.699951171875,159.80999755859375,-90.66366757508034,0.13717750122009317,False
2022-10-06,1700.5,159.6300048828125,-90.61276066552118,0.7146557013658322,False
2022-10-10,1678.699951171875,155.47999572753906,-90.7380711115765,0.733651718489747,False
2022-10-11,1670.300048828125,155.16000366210938,-90.71065083360507,0.4648726278173272,False
2022-10-12,1670.0,155.99000549316406,-90.65928110819377,0.15818225481041995,False
2022-10-13,1641.699951171875,154.91000366210938,-90.56404895720854,1.1619290279844612,False
2022-10-17,1649.0,153.4199981689453,-90.69617961376923,0.31437013297313887,False
2022-10-18,1627.5,153.75,-90.55299539170507,1.2724682621369015,False
2022-10-19,1630.800048828125,151.69000244140625,-90.69843034709196,0.30472541129086506,False
2022-10-20,1651.0,151.4499969482422,-90.82677183838629,1.7010739786900537,False
2022-10-24,1652.800048828125,153.64999389648438,-90.70365504856889,0.23375634363963932,False
2022-10-25,1664.0,154.0,-90.7451923076923,0.675983125454918,False
2022-10-26,1660.699951171875,154.97999572753906,-90.66779067355442,0.21453577306591404,False
2022-10-27,1639.5999755859375,154.74000549316406,-90.5623318006049,1.485464089071941,False
2022-10-31,1645.0,151.91000366210938,-90.76534932145232,0.8667012913266057,False
2022-11-01,1645.699951171875,153.4600067138672,-90.67509198109953,0.07692170344803352,False
2022-11-02,1627.300048828125,152.38999938964844,-90.6354086636088,0.5784451156879832,False
2022-11-03,1672.5,151.80999755859375,-90.9231690547926,2.5032275505404114,True
2022-11-07,1712.0999755859375,155.85000610351562,-90.89714337212239,1.9874043524508285,False
2022-11-08,1710.0999755859375,159.4499969482422,-90.67598390593454,0.22795641111095635,False
2022-11-09,1750.300048828125,158.64999389648438,-90.9358401719348,1.9890667307389869,False
2022-11-10,1766.0,163.47999572753906,-90.74292209923335,0.21903770565490946,False
2022-11-14,1773.800048828125,164.9199981689453,-90.70244708371155,0.13258871700748676,False
2022-11-15,1773.0,165.5,-90.66553863508177,0.4451421431302092,False
2022-11-16,1760.800048828125,165.1199951171875,-90.6224448808324,0.8087701309006107,False
2022-11-17,1751.9000244140625,163.9199981689453,-90.64330179321907,0.683603348065469,False
2022-11-21,1738.300048828125,161.8800048828125,-90.68745323962087,0.26918965918519727,False
2022-11-22,1744.9000244140625,162.07000732421875,-90.7117883513904,0.12525646978968089,False
2022-11-25,1753.300048828125,163.22000122070312,-90.69069773141246,0.33044716913430855,False
2022-11-28,1748.4000244140625,161.92999267578125,-90.73838993281595,0.1917955120326572,False
2022-11-29,1746.0,162.72999572753906,-90.67983987814782,0.39220475195874716,False
2022-11-30,1801.0999755859375,164.80999755859375,-90.84948088431474,1.2278558670327049,False
2022-12-01,1795.9000244140625,167.83999633789062,-90.65426838597817,0.6671775017276236,False
2022-12-05,1769.300048828125,164.38999938964844,-90.70875516572046,0.22435870176864509,False
2022-12-06,1785.5,164.83999633789062,-90.7678523473598,0.39052635194600654,False
2022-12-07,1788.699951171875,166.3300018310547,-90.7010674584028,0.32128591569747034,False
2022-12-08,1798.0999755859375,166.47000122070312,-90.74189402808615,0.05270944317496367,False
2022-12-12,1813.9000244140625,165.67999267578125,-90.86609016782498,1.5117108665826273,False
2022-12-13,1807.5,168.50999450683594,-90.677178727146,0.5810914594263331,False
2022-12-14,1777.199951171875,168.10000610351562,-90.54130031949013,1.9781468808471683,False
2022-12-15,1790.0,165.35000610351562,-90.7625694914237,0.7501970763761998,False
2022-12-19,1815.9000244140625,166.32000732421875,-90.84090505599914,1.6313529488896796,False
2022-12-20,1815.9000244140625,169.0800018310547,-90.68891461215703,0.29293462030409584,False
2022-12-21,1787.0,168.8000030517578,-90.5540009484187,1.7752300217435817,False
2022-12-22,1795.9000244140625,166.75999450683594,-90.7144054657918,0.040666943548345554,False
2022-12-27,1807.9000244140625,168.6699981689453,-90.67039128872123,0.5080607486889972,False
2022-12-28,1819.5,167.91000366210938,-90.77164035932348,0.6601798728898242,False
2022-12-29,1819.699951171875,168.85000610351562,-90.72099738230045,0.0475396402608286,False
2023-01-03,1852.800048828125,171.05999755859375,-90.76748742171141,0.5555972455551512,False
2023-01-04,1834.800048828125,172.6699981689453,-90.58916538185026,1.3998287388716384,False
2023-01-05,1864.199951171875,170.52000427246094,-90.85291230882886,1.3977149338470776,False
2023-01-09,1871.5999755859375,174.10000610351562,-90.6977982274759,0.18792055498715007,False
2023-01-10,1874.5999755859375,174.74000549316406,-90.67854434178437,0.42183614516888096,False
2023-01-11,1895.5,174.6199951171875,-90.78765522990307,0.7600150142981839,False
2023-01-12,1918.4000244140625,176.63999938964844,-90.79232708811085,0.7909679912854279,False
2023-01-17,1904.4000244140625,177.58999633789062,-90.67475351495384,0.49307249436353584,False
2023-01-18,1922.0999755859375,177.0800018310547,-90.78715966493506,0.710420572436462,False
2023-01-19,1926.4000244140625,179.88999938964844,-90.66185646232205,0.5764663341309704,False
2023-01-23,1933.9000244140625,179.6300048828125,-90.71151545503304,0.020947571521566646,False
2023-01-24,1941.199951171875,180.27999877929688,-90.71296088429919,0.11790901263106411,False
2023-01-25,1929.0999755859375,181.11000061035156,-90.61168405461505,1.2999780916570944,False
2023-01-26,1928.5999755859375,179.47000122070312,-90.69428582948221,0.17398594568248676,False
2023-01-30,1929.5,178.75999450683594,-90.73542396958612,0.3555456899351936,False
2023-01-31,1927.800048828125,179.41000366210938,-90.69353671968369,0.3571802485315589,False
2023-02-01,1916.300048828125,181.6699981689453,-90.51975194176705,2.4112247251008707,True
2023-02-02,1862.9000244140625,177.89999389648438,-90.450373527026,2.547843952259043,True
2023-02-06,1871.699951171875,173.82000732421875,-90.71325469579727,0.21736689484860322,False
2023-02-07,1877.4000244140625,173.97999572753906,-90.73292886624745,0.4178473342926179,False
2023-02-08,1866.199951171875,174.41000366210938,-90.65427026977527,0.356083217947719,False
2023-02-09,1862.800048828125,173.02999877929688,-90.71129513400277,0.1936098170417666,False
2023-02-13,1854.0,172.47999572753906,-90.69687185935604,0.13243565113445244,False
2023-02-14,1834.199951171875,172.61000061035156,-90.58935747435439,1.0666014553894867,False
2023-02-15,1842.0,170.88999938964844,-90.72258418080085,0.46409900614369776,False
2023-02-16,1840.4000244140625,170.75,-90.72212574794099,0.5149497116739347,False
2023-02-21,1832.0,170.6199951171875,-90.68668148923649,0.1595975983003565,False
2023-02-22,1818.0,169.66000366210938,-90.6677665752415,0.07652679149721237,False
2023-02-23,1808.800048828125,169.57000732421875,-90.62527627450703,0.5419046163321807,False
2023-02-27,1828.9000244140625,169.00999450683594,-90.75892655417384,1.1416154392759519,False
2023-02-28,1837.699951171875,169.77999877929688,-90.76127750501215,1.108965649500194,False
2023-03-01,1833.5,170.75999450683594,-90.68666514825001,0.18898822643914634,False
2023-03-02,1847.699951171875,170.66000366210938,-90.76365166574416,1.0500619429465863,False
2023-03-06,1813.9000244140625,171.6199951171875,-90.5386188429748,1.5433213784812188,False
2023-03-07,1812.699951171875,168.6199951171875,-90.69785404869802,0.3315471635485745,False
2023-03-08,1829.300048828125,168.5399932861328,-90.78664031118888,1.2636478440714891,False
2023-03-09,1862.0,170.1999969482422,-90.85929124875176,1.8618375284806152,False
2023-03-13,1906.199951171875,177.86000061035156,-90.66939433604495,0.4650674537441782,False
2023-03-14,1926.5999755859375,176.8300018310547,-90.8216545171877,1.5099137017869422,False
2023-03-15,1919.0,178.2100067138672,-90.71339204200797,0.08916241603826333,False
2023-03-16,1969.800048828125,178.57000732421875,-90.93461250392122,2.3841653379153307,True
2023-03-20,1938.0,183.83999633789062,-90.51393207750822,1.9502141167599514,False
2023-03-21,1946.800048828125,180.3699951171875,-90.7350528768601,0.22084390682249436,False
2023-03-22,1993.800048828125,183.44000244140625,-90.79947848585796,0.7744990989139569,False
2023-03-23,1982.0999755859375,185.74000549316406,-90.62913032738136,0.8885707269671733,False
2023-03-27,1972.4000244140625,181.9499969482422,-90.77519799756169,0.5320077947240495,False
2023-03-28,1966.0999755859375,183.44000244140625,-90.66985378570398,0.49625071602466,False
2023-03-29,1980.300048828125,182.52999877929688,-90.78270997936339,0.55502528710201,False
2023-03-30,1969.0,184.17999267578125,-90.646013576649,0.8038113684006176,False
2023-04-03,2022.199951171875,184.5399932861328,-90.87429543358503,1.3330851112564546,False
2023-04-04,2020.9000244140625,187.97999572753906,-90.69820409438405,0.2976533587290094,False
2023-04-05,2011.9000244140625,187.8300018310547,-90.66404893127046,0.6055000510891889,False
2023-04-10,2004.800048828125,185.11000061035156,-90.7666602104008,0.35465656513560634,False
2023-04-11,2010.9000244140625,186.27999877929688,-90.73648632365125,0.022792932322765545,False
2023-04-12,2041.300048828125,187.19000244140625,-90.82986342214274,0.8588733523181749,False
2023-04-13,2002.199951171875,189.72000122070312,-90.52442284250077,1.8972464452422608,False
2023-04-17,2007.4000244140625,185.52999877929688,-90.75769669608074,0.28973006334815776,False
2023-04-18,1995.199951171875,186.25,-90.66509600250308,0.5845362170262576,False
2023-04-19,2007.5999755859375,185.36000061035156,-90.76708493402664,0.413409628351308,False
2023-04-20,1979.5,186.08999633789062,-90.59914138227377,1.1095469094256463,False
2023-04-24,1994.0,184.80999755859375,-90.73169520769339,0.2465194001526164,False
2023-04-25,1985.699951171875,185.75,-90.64561592548873,0.8176973713111608,False
2023-04-26,1989.9000244140625,184.74000549316406,-90.7161162256098,0.025721667797580564,False
2023-04-27,1990.0999755859375,184.75,-90.71654679330345,0.08218266986250748,False
2023-05-01,2014.300048828125,183.97000122070312,-90.86680252389743,1.6693229163606995,False
2023-05-02,2028.5999755859375,187.52000427246094,-90.75618621072408,0.41029894273171996,False
2023-05-03,2048.0,189.11000061035156,-90.76611325144768,0.4711225908034557,False
2023-05-04,2017.4000244140625,190.44000244140625,-90.56012688922624,1.6681150856384364,False
2023-05-08,2036.199951171875,187.69000244140625,-90.78233931135364,0.6627716996148675,False
2023-05-09,2030.5,189.02000427246094,-90.69096260662592,0.24814628637326253,False
2023-05-10,2014.699951171875,188.75,-90.6313592805613,0.8903227779769377,False
2023-05-11,2014.5,187.1300048828125,-90.71084612147865,0.0024578092795708305,False
2023-05-15,1988.4000244140625,187.2100067138672,-90.58489215372877,1.3067457148754091,False
2023-05-16,1980.699951171875,184.8699951171875,-90.66643107615519,0.357768010852941,False
2023-05-17,1956.5,184.22999572753906,-90.58369559276571,1.1720042484654907,False
2023-05-18,1978.699951171875,181.83999633789062,-90.81012782002664,1.3242365798612223,False
2023-05-22,1972.4000244140625,183.2100067138672,-90.71131593763324,0.16129390365591187,False
2023-05-23,1962.800048828125,183.42999267578125,-90.65467759768516,0.5232501841036091,False
2023-05-24,1943.0999755859375,181.9499969482422,-90.63609699787189,0.6749442503559059,False
2023-05-25,1944.0999755859375,180.1999969482422,-90.73092951951037,0.42193274290714095,False
2023-05-30,1963.9000244140625,182.0399932861328,-90.73068939237652,0.41964621794726414,False
2023-05-31,1978.0,182.32000732421875,-90.7826083253681,0.9764034794084385,False
2023-06-01,1952.4000244140625,183.75999450683594,-90.5879946625188,1.308546809384586,False
2023-06-05,1965.5,182.13999938964844,-90.73314681304257,0.4063072811895935,False
2023-06-06,1942.699951171875,182.33999633789062,-90.61409373959681,0.9436476386147552,False
2023-06-07,1963.5999755859375,180.14999389648438,-90.82552474351463,1.6725456179659106,False
2023-06-08,1962.199951171875,182.52999877929688,-90.69768610124135,0.14398239425038545,False
2023-06-12,1944.5999755859375,181.8800048828125,-90.6469193064754,0.5890687196444216,False
2023-06-13,1955.300048828125,180.5399932861328,-90.76663485001515,1.0487110524695331,False
2023-06-14,1957.800048828125,180.63999938964844,-90.77331724974808,1.0501112976903004,False
2023-06-15,1958.4000244140625,181.91000366210938,-90.71129486344162,0.17990843373788826,False
2023-06-20,1933.300048828125,179.75,-90.70242613871778,0.06610091934152629,False
2023-06-21,1912.699951171875,179.49000549316406,-90.61588277956541,1.1561185201196669,False
2023-06-22,1919.0999755859375,177.7100067138672,-90.73992970795547,0.515818844629717,False
2023-06-26,1914.0,178.50999450683594,-90.67345901218204,0.5050361270866317,False
2023-06-27,1912.300048828125,177.69000244140625,-90.70804801002352,0.09483857626756238,False
2023-06-28,1909.199951171875,177.27999877929688,-90.71443519205614,0.19467279252921346,False
2023-06-29,1921.0999755859375,177.08999633789062,-90.7818438088378,1.148231400958501,False
2023-07-03,1921.699951171875,178.47000122070312,-90.7129101443818,0.006861753797026115,False
2023-07-05,1908.699951171875,177.83999633789062,-90.68266354653055,0.4449837587011106,False
2023-07-06,1926.199951171875,177.30999755859375,-90.79482909078465,1.2674280015959374,False
2023-07-10,1931.300048828125,178.77999877929688,-90.74302313160624,0.5060386043969921,False
2023-07-11,1956.199951171875,179.4499969482422,-90.82660252390143,1.704278022838923,False
2023-07-12,1959.199951171875,181.8800048828125,-90.71661854758506,0.09548472217735411,False
2023-07-13,1960.0999755859375,182.00999450683594,-90.71424943758662,0.23898546759664155,False
2023-07-17,1977.199951171875,181.55999755859375,-90.81731731527789,1.6618340370615245,False
2023-07-18,1977.5,183.63999938964844,-90.71352721164862,0.2641995868282852,False
2023-07-19,1968.300048828125,183.6699981689453,-90.66859759119055,1.1482968311887223,False
2023-07-20,1964.300048828125,182.74000549316406,-90.69694033749151,0.5454181279786764,False
2023-07-24,1962.0999755859375,181.39999389648438,-90.75480372286773,0.5897370468244514,False
2023-07-25,1968.9000244140625,182.41000366210938,-90.73543595915217,0.18988346493451122,False
2023-07-26,1945.4000244140625,183.3000030517578,-90.5777731699697,2.3217612402628336,True
2023-07-27,1960.4000244140625,180.4199981689453,-90.79677637614442,1.1732797378966053,False
2023-07-31,1940.699951171875,182.35000610351562,-90.60390525627595,1.8286085300638402,False
2023-08-01,1937.4000244140625,180.4600067138672,-90.6854545039843,0.5755834319491752,False
2023-08-02,1932.0,179.60000610351562,-90.70393343149506,0.28336061880620583,False
2023-08-03,1939.5999755859375,179.5399932861328,-90.7434524878309,0.31030417631669716,False
2023-08-07,1924.0999755859375,179.77999877929688,-90.65641073434611,0.9459959079070883,False
2023-08-08,1915.4000244140625,178.63999938964844,-90.67348871709991,0.6424630575051209,False
2023-08-09,1914.4000244140625,177.7899932861328,-90.71301760244447,0.05865841284083602,False
2023-08-10,1912.9000244140625,177.60000610351562,-90.71566711083523,0.04547440746891857,False
2023-08-14,1902.5,177.05999755859375,-90.69329842004763,0.27668413823387705,False
2023-08-15,1896.0999755859375,176.58999633789062,-90.68667271706913,0.3012532280210223,False
2023-08-16,1884.0999755859375,175.57000732421875,-90.68149198029589,0.362299429310384,False
2023-08-17,1886.0999755859375,175.3000030517578,-90.70568870574854,0.08124688968943092,False
2023-08-21,1896.4000244140625,175.80999755859375,-90.72927677202944,0.6650982199428309,False
2023-08-22,1918.5,176.10000610351562,-90.82095355207112,2.1155262386047973,True
2023-08-23,1918.199951171875,177.88999938964844,-90.72620144313052,0.37923071889333154,False
2023-08-24,1911.0999755859375,177.85000610351562,-90.69384080500616,0.19760867110736333,False
2023-08-28,1936.5,178.1300048828125,-90.80144565541892,1.5990478342682426,False
2023-08-29,1944.300048828125,179.8699951171875,-90.7488561127384,0.690455775406333,False
2023-08-30,1938.199951171875,180.32000732421875,-90.69652193442717,0.33915270912868134,False
2023-08-31,1939.800048828125,180.02000427246094,-90.7196618341558,0.20565350807919516,False
2023-09-05,1918.0999755859375,178.63999938964844,-90.68661687798219,0.6779041822495283,False
2023-09-06,1917.5,177.8300018310547,-90.72594514570771,0.24533089304369848,False
2023-09-07,1918.4000244140625,178.02000427246094,-90.7203918887129,0.08628958555125582,False
2023-09-11,1911.300048828125,178.41000366210938,-90.66551566450815,1.1590295334191048,False
2023-09-12,1909.0999755859375,177.49000549316406,-90.70294862694715,0.31949901271540704,False
2023-09-13,1910.0,177.0800018310547,-90.72879571565159,0.28258312215906656,False
2023-09-14,1923.699951171875,177.1699981689453,-90.7901438547619,1.6637928194159952,False
2023-09-18,1932.0,179.38999938964844,-90.7148033442211,0.1745384707074757,False
2023-09-19,1945.5999755859375,179.22000122070312,-90.7884455453527,1.4376743002379175,False
2023-09-20,1919.199951171875,179.35000610351562,-90.65495984438707,1.558140034032822,False
2023-09-21,1925.4000244140625,178.0500030517578,-90.75257085311704,0.5404872410459622,False
2023-09-25,1900.4000244140625,177.6999969482422,-90.6493372623992,1.6135865295298637,False
2023-09-26,1871.5999755859375,176.27999877929688,-90.58132073740227,2.3908010121586174,True
2023-09-27,1860.4000244140625,174.10000610351562,-90.64179725764362,1.2439793931640617,False
2023-09-28,1848.0999755859375,173.22999572753906,-90.62658957762191,1.360072518696534,False
2023-10-02,1824.5999755859375,169.64999389648438,-90.70207189704668,0.05004385465511972,False
2023-10-03,1818.5,169.16000366210938,-90.69782767874021,0.03669371122591327,False
2023-10-04,1816.5999755859375,169.13999938964844,-90.68919951212192,0.14764032512715894,False
2023-10-05,1830.199951171875,168.8300018310547,-90.77532475492893,1.3760513188815096,False
2023-10-09,1861.0,172.82000732421875,-90.71359444791946,0.24358471812852148,False
2023-10-10,1872.800048828125,172.52999877929688,-90.7875910785428,1.4312859841837702,False
2023-10-11,1869.300048828125,173.7899932861328,-90.70293753027596,0.023973173966847963,False
2023-10-12,1927.4000244140625,173.25999450683594,-91.01068837230571,3.2683025783626682,True
2023-10-16,1922.699951171875,177.9600067138672,-90.74426529186722,0.24282374589424738,False
2023-10-17,1955.300048828125,178.2899932861328,-90.88170670312273,1.5752918613962172,False
2023-10-18,1968.4000244140625,180.8699951171875,-90.8113191996618,0.7793623412985252,False
2023-10-19,1982.5,183.08999633789062,-90.76469123138004,0.31303233864969904,False
2023-10-23,1975.0,182.97000122070312,-90.73569614072389,0.0010335449405977197,False
2023-10-24,1984.0999755859375,182.9499969482422,-90.77919463739653,0.45932995398903614,False
2023-10-25,1987.199951171875,183.72000122070312,-90.7548306292801,0.15622699199138504,False
2023-10-26,1988.5999755859375,184.00999450683594,-90.74675667474963,0.07354995983908673,False
2023-10-30,1985.199951171875,185.10000610351562,-90.67600188110775,0.7013947002048846,False
2023-10-31,1978.800048828125,184.08999633789062,-90.69688741685086,0.5836883704529869,False
2023-11-01,1985.5999755859375,183.50999450683594,-90.75795745552004,0.06332663351439395,False
2023-11-02,1991.5,184.1199951171875,-90.754707752087,0.05817324763586533,False
2023-11-06,1966.800048828125,183.35000610351562,-90.67775058208073,1.0319030292056448,False
2023-11-07,1951.5,182.58999633789062,-90.64360766908067,1.3813921636867599,False
2023-11-08,1964.199951171875,180.77000427246094,-90.79676159422515,0.4532421025264336,False
2023-11-09,1932.5999755859375,181.49000549316406,-90.60902370972353,1.6559368781389376,False
2023-11-13,1961.800048828125,180.50999450683594,-90.79875675328569,0.4872297498318572,False
2023-11-14,1960.0999755859375,182.1199951171875,-90.70863744780438,0.5058718136278696,False
2023-11-15,1983.9000244140625,181.63999938964844,-90.84429673096581,0.957181515827068,False
2023-11-16,1981.5999755859375,183.69000244140625,-90.73021776824099,0.2343572986262607,False
2023-11-20,1999.300048828125,183.3699951171875,-90.82829036968872,1.146699954556747,False
2023-11-21,1991.4000244140625,185.35000610351562,-90.692477461526,0.7729567326553037,False
2023-11-24,2002.199951171875,185.52000427246094,-90.73419194901702,0.03927549750822696,False
2023-11-27,2039.699951171875,186.77000427246094,-90.84326083524415,1.604244396591981,False
2023-11-28,2047.0999755859375,189.25999450683594,-90.75472635611436,0.2074953384515546,False
2023-11-29,2038.0999755859375,189.5399932861328,-90.70016213352628,0.5816912839616281,False
2023-11-30,2071.0,188.75,-90.8860453887011,1.9669627088761807,False
2023-12-04,2018.5,187.86000061035156,-90.69308889718347,0.6602174199301842,False
2023-12-05,2030.5,187.14999389648438,-90.78305866060161,0.5053140923074241,False
2023-12-06,2029.9000244140625,187.83999633789062,-90.74634247604824,0.03979553411404531,False
2023-12-07,1998.300048828125,188.14999389648438,-90.58449735780059,1.9521939971088829,False
2023-12-11,1977.800048828125,183.58999633789062,-90.71746426304973,0.2646273920736155,False
2023-12-12,1982.300048828125,183.49000549316406,-90.74358063999253,0.02104438283229407,False
2023-12-13,2030.199951171875,187.6300048828125,-90.75805293096828,0.1382671934084641,False
2023-12-14,2021.0999755859375,188.72999572753906,-90.66201583260005,1.0292430807367603,False
2023-12-18,2038.4000244140625,187.85000610351562,-90.78443858645886,0.49260312939403017,False
2023-12-19,2034.5,189.1300048828125,-90.703858201877,0.5845010981139915,False
2023-12-20,2039.0999755859375,188.10000610351562,-90.77534165290425,0.38647669969631643,False
2023-12-21,2057.10009765625,189.42999267578125,-90.79140616970425,0.68156484353584,False
2023-12-26,2081.89990234375,191.72000122070312,-90.79110378914618,0.625763010637917,False
2023-12-27,2073.89990234375,192.58999633789062,-90.71363106193114,0.4471907634086436,False
2023-12-28,2062.39990234375,191.47000122070312,-90.71615543604744,0.4316761886292878,False
2024-01-02,2034.199951171875,190.72000122070312,-90.62432377353899,1.630362772507581,False
2024-01-03,2042.300048828125,189.1300048828125,-90.73936246579754,0.09031367513827455,False
2024-01-04,2042.4000244140625,189.32000732421875,-90.7305128740129,0.02610907316350654,False
2024-01-08,2026.4000244140625,187.8699951171875,-90.72887915250048,0.07347598433828852,False
2024-01-09,2021.699951171875,187.92999267578125,-90.70435785652327,0.37118295204069984,False
2024-01-10,2014.300048828125,187.5,-90.69155560468346,0.6043090939017112,False
2024-01-11,2046.699951171875,187.8699951171875,-90.8208335564957,1.6502318391394741,False
2024-01-16,2002.5999755859375,187.91000366210938,-90.61669799495883,1.6646767247564205,False
2024-01-17,2018.5999755859375,185.83999633789062,-90.79361941020795,1.1455319023826334,False
2024-01-18,2026.5,187.3699951171875,-90.7540096167191,0.39406691819658746,False
2024-01-22,2023.699951171875,187.22000122070312,-90.74862846578176,0.2919900736657864,False
2024-01-23,2013.9000244140625,187.9499969482422,-90.66736209991727,1.0634909154174546,False
2024-01-24,2016.9000244140625,186.39999389648438,-90.7580945193039,0.4607248996932742,False
2024-01-25,2016.800048828125,187.13999938964844,-90.7209443247293,0.159729468535059,False
2024-01-29,2031.5,188.3300018310547,-90.72951012399434,0.024447441774400856,False
2024-01-30,2048.39990234375,188.58999633789062,-90.79330182929081,1.132818510767253,False
2024-01-31,2053.0,188.4499969482422,-90.82075027042171,1.5521013774211427,False
2024-02-01,2036.0999755859375,190.41000366210938,-90.64829792518836,1.3468012588640923,False
2024-02-05,2034.5,187.57000732421875,-90.78053539817061,0.8684849040314315,False
2024-02-06,2035.199951171875,188.5500030517578,-90.73555387306342,0.08835281697734367,False
2024-02-07,2032.199951171875,188.5,-90.72433793282492,0.20662212109258468,False
2024-02-08,2023.300048828125,188.3300018310547,-90.69193904581114,0.7574552968605544,False
2024-02-12,1992.9000244140625,187.11000061035156,-90.6111697366573,1.909758244866774,False
2024-02-13,1990.300048828125,184.52999877929688,-90.72853367571653,0.02525523170218513,False
2024-02-14,2002.0999755859375,184.4199981689453,-90.78867187364243,0.9278623134729989,False
2024-02-15,2011.5,185.66000366210938,-90.7700719034497,0.5655261186418854,False
2024-02-20,2022.300048828125,187.47000122070312,-90.7298622017372,0.012546109280258415,False
2024-02-21,2019.699951171875,187.47999572753906,-90.71743326929533,0.3497324814968105,False
2024-02-22,2038.5999755859375,187.55999755859375,-90.79956834078324,1.2145175806656066,False
2024-02-26,2034.0,188.1999969482422,-90.74729611857217,0.22377264282912696,False
2024-02-27,2033.0,188.0,-90.75258239055583,0.3207076535478587,False
2024-02-28,2045.699951171875,188.33999633789062,-90.79337142135627,1.0003883773984543,False
2024-02-29,2086.89990234375,189.30999755859375,-90.92864984343599,2.6933047486950117,True
2024-03-04,2133.5,196.00999450683594,-90.81274926145602,0.8573725415355672,False
2024-03-05,2150.300048828125,197.19000244140625,-90.8296517712088,1.0091188354654144,False
2024-03-06,2158.0,198.80999755859375,-90.78730317152022,0.39882163645640534,False
2024-03-07,2178.60009765625,199.94000244140625,-90.8225468888713,0.9096291886088831,False
2024-03-11,2160.39990234375,202.0,-90.64987922926416,1.6060471610389186,False
2024-03-12,2175.39990234375,199.7899932861328,-90.81594179208699,0.7768288700926894,False
2024-03-13,2163.0,201.19000244140625,-90.69856669249162,0.8672986710020582,False
2024-03-14,2157.300048828125,200.35000610351562,-90.71292812456252,0.6533112493248439,False
2024-03-18,2156.300048828125,200.02999877929688,-90.72346175162374,0.536793173456641,False
2024-03-19,2157.89990234375,199.8000030517578,-90.74099763224652,0.43643572184178414,False
2024-03-20,2182.39990234375,202.17999267578125,-90.7358870178351,0.5286109516350291,False
2024-03-21,2158.10009765625,201.97000122070312,-90.64130521841653,1.7920630232284684,False
2024-03-25,2175.60009765625,200.99000549316406,-90.76162913810822,0.02329490077603542,False
2024-03-26,2190.60009765625,201.63999938964844,-90.79521636078691,0.4790779423191465,False
2024-03-27,2217.39990234375,203.10000610351562,-90.84062347577256,1.0498848463496884,False
2024-04-01,2261.0,207.82000732421875,-90.80849149384261,0.5669450852462627,False
2024-04-02,2294.39990234375,210.88999938964844,-90.80848987248376,0.5195924924251112,False
2024-04-03,2288.800048828125,212.74000549316406,-90.70517297471713,0.9375776280607254,False
2024-04-04,2325.699951171875,211.52000427246094,-90.90510346505016,1.696938695698224,False
2024-04-08,2343.5,216.47999572753906,-90.76253485267594,0.08049670255750234,False
2024-04-09,2329.60009765625,217.6699981689453,-90.65633632193193,1.4723003983002092,False
2024-04-10,2354.800048828125,215.61000061035156,-90.84380855531022,1.164363482658374,False
2024-04-11,2356.199951171875,219.8000030517578,-90.67141976034596,1.1345391210417122,False
2024-04-15,2390.800048828125,220.9499969482422,-90.75832389009098,0.09057138263207937,False
2024-04-16,2371.699951171875,221.22000122070312,-90.67251314351984,1.1417434326033644,False
2024-04-17,2382.300048828125,219.58999633789062,-90.78243748322514,0.4501747625582702,False
2024-04-18,2398.39990234375,220.33999633789062,-90.8130418066407,0.8077518668338507,False
2024-04-22,2327.699951171875,215.57000732421875,-90.73892632872675,0.2815173642433037,False
2024-04-23,2324.5,215.0399932861328,-90.74897856372843,0.15489812153521085,False
2024-04-24,2329.800048828125,214.63999938964844,-90.78719225293128,0.3699448839400802,False
2024-04-25,2334.800048828125,215.9199981689453,-90.75209895265681,0.1551429367461685,False
2024-04-29,2291.39990234375,216.17999267578125,-90.56559300475388,2.515023800309398,True
2024-04-30,2299.89990234375,211.8699951171875,-90.78786016290195,0.358502887493001,False
2024-05-01,2299.199951171875,213.7899932861328,-90.70154845918613,0.6943558913512982,False
2024-05-02,2299.0,213.1300048828125,-90.72944737351838,0.27261408967605205,False
2024-05-06,2315.199951171875,215.1999969482422,-90.70490663930279,0.5346738954298244,False
2024-05-07,2313.60009765625,214.2100067138672,-90.74126911859709,0.0021424343374198533,False
2024-05-08,2332.10009765625,213.5800018310547,-90.8417309340323,1.2327669645441197,False
2024-05-09,2367.300048828125,216.9499969482422,-90.83555136765878,1.3043587219779695,False
2024-05-13,2353.39990234375,216.25999450683594,-90.81074175742665,0.8943827392220006,False
2024-05-14,2388.699951171875,218.08999633789062,-90.86992921689902,1.541038897291858,False
2024-05-15,2380.0,220.88999938964844,-90.71890758867023,0.46552266712753626,False
2024-05-16,2412.199951171875,220.02999877929688,-90.8784510723332,1.5949278965774554,False
2024-05-20,2421.699951171875,224.55999755859375,-90.72717503876036,0.4525923241233702,False
2024-05-21,2389.199951171875,224.22999572753906,-90.61485014606848,1.8277891173397096,False
2024-05-22,2335.0,220.11000061035156,-90.57344751133398,1.9749487945845574,False
2024-05-23,2332.5,215.72000122070312,-90.75155407413921,0.08718241022623789,False
2024-05-28,2340.300048828125,218.19000244140625,-90.67683639323675,0.7292705906961297,False
2024-05-29,2342.89990234375,216.16000366210938,-90.77382676716701,0.3594122927943928,False
2024-05-30,2322.89990234375,216.57000732421875,-90.67673957428364,0.6756269189208948,False
2024-06-03,2325.5,217.22000122070312,-90.65921301996546,0.806714452404854,False
2024-06-04,2354.10009765625,215.27000427246094,-90.85552884999306,1.2797738045373324,False
2024-06-05,2370.300048828125,217.82000732421875,-90.81044581541865,0.7312450865251281,False
2024-06-06,2305.199951171875,219.42999267578125,-90.48108635590455,2.4489900935065276,True
2024-06-10,2307.5,213.5399932861328,-90.74582911002675,0.08078127206780189,False
2024-06-11,2336.0,214.14999389648438,-90.83262012429434,0.8370120491502597,False
2024-06-12,2300.199951171875,214.72000122070312,-90.66515930011604,0.69549210262748,False
2024-06-13,2331.39990234375,212.97000122070312,-90.86514497119929,1.1389462935432149,False
2024-06-17,2330.39990234375,214.61000061035156,-90.79085094388684,0.4841268977882462,False
2024-06-20,2316.39990234375,218.16000366210938,-90.5819369340599,1.30723092025068,False
2024-06-24,2316.60009765625,215.6300048828125,-90.6919625402343,0.25026567074944395,False
2024-06-25,2299.199951171875,214.55999755859375,-90.66805836311735,0.4486061314380265,False
2024-06-26,2324.5,212.5800018310547,-90.85480740670877,1.3306868661297662,False
2024-06-27,2327.699951171875,214.99000549316406,-90.76384370825252,0.4460588693573326,False
2024-07-01,2323.0,215.57000732421875,-90.720189094954,0.017141083562190632,False
2024-07-03,2359.800048828125,217.99000549316406,-90.76235270011891,0.31869711708990994,False
2024-07-08,2360.10009765625,218.19000244140625,-90.75505303109455,0.2416353439290096,False
2024-07-09,2372.199951171875,218.55999755859375,-90.78661149745727,0.5107472548297652,False
2024-07-10,2415.0,219.36000061035156,-90.91677016106205,1.6463357749279175,False
2024-07-11,2414.0,223.25,-90.75186412593206,0.0376197041104519,False
2024-07-15,2462.39990234375,223.8300018310547,-90.91008728444109,1.392524879178746,False
2024-07-16,2454.800048828125,228.2899932861328,-90.70026117218329,0.496157615031502,False
2024-07-17,2451.800048828125,227.22999572753906,-90.73211553951363,0.1592141337916074,False
2024-07-18,2395.5,225.77999877929688,-90.57482785308717,1.9028147284908667,False
2024-07-22,2404.60009765625,221.8000030517578,-90.77601289012901,0.22321129119905242,False
2024-07-23,2413.300048828125,222.5800018310547,-90.77694454367008,0.2672997158939828,False
2024-07-24,2351.89990234375,221.8000030517578,-90.56932640582508,1.7922361471222181,False
2024-07-25,2380.0,218.3300018310547,-90.82647051130023,0.8317275413015185,False
2024-07-29,2405.0,220.32000732421875,-90.83908493454392,0.9198805799306102,False
2024-07-30,2426.5,222.52000427246094,-90.82958976828927,0.7488195156753009,False
2024-07-31,2435.0,226.5500030517578,-90.69609843729948,0.6974878432102378,False
2024-08-01,2425.699951171875,225.77000427246094,-90.69258322063331,0.7581525553706245,False
2024-08-05,2389.10009765625,222.47999572753906,-90.68770722726119,0.7306643751093471,False
2024-08-06,2390.5,220.6999969482422,-90.7676219640978,0.15617378467619122,False
2024-08-07,2422.199951171875,220.5500030517578,-90.89464092569838,1.3954200529656342,False
2024-08-08,2432.10009765625,224.00999450683594,-90.78944181932691,0.2713399767717888,False
2024-08-12,2466.699951171875,228.41000366210938,-90.74025993499546,0.23808252471043578,False
2024-08-13,2439.39990234375,228.05999755859375,-90.6509794749325,1.0711685714101298,False
2024-08-14,2453.10009765625,226.1999969482422,-90.77901479991138,0.327606449467756,False
2024-08-15,2498.60009765625,226.91000366210938,-90.91851457642395,1.6348022747249282,False
2024-08-19,2511.300048828125,231.61000061035156,-90.77728681929385,0.28677804239676113,False
2024-08-20,2508.39990234375,232.4600067138672,-90.73273737187337,0.21734613659976243,False
2024-08-21,2478.89990234375,232.14999389648438,-90.63495893170229,1.188346378234998,False
2024-08-22,2508.39990234375,229.3699951171875,-90.85592393370479,1.063675470847968,False
2024-08-26,2516.0,232.75999450683594,-90.74880784948984,0.1309729312307773,False
2024-08-27,2501.0,233.38999938964844,-90.66813277130554,0.9567547164454405,False
2024-08-28,2525.699951171875,231.75,-90.82432575205647,0.7020173730489999,False
2024-08-29,2493.800048828125,232.9499969482422,-90.6588342133641,1.2122216963646115,False
2024-09-03,2493.39990234375,230.2899932861328,-90.76401691242289,0.10453138741787162,False
2024-09-04,2511.39990234375,230.42999267578125,-90.8246395780802,0.8606146588092903,False
2024-09-05,2493.5,232.35000610351562,-90.68177236400578,0.897511968014414,False
2024-09-09,2512.300048828125,231.60000610351562,-90.78135566603413,0.27882541323115667,False
2024-09-10,2512.10009765625,232.6199951171875,-90.74001886572043,0.2761338890895214,False
2024-09-11,2551.199951171875,232.25,-90.89644071632576,1.5279068678777068,False
2024-09-12,2581.300048828125,236.3300018310547,-90.84453580131665,0.9780866312331352,False
2024-09-16,2564.300048828125,238.66000366210938,-90.69297667520709,0.8260688469697095,False
2024-09-17,2570.699951171875,237.33999633789062,-90.76749520185359,0.06537215479125115,False
2024-09-18,2588.0,235.50999450683594,-90.89992293250248,1.5088385358953662,False
2024-09-19,2619.89990234375,239.1699981689453,-90.8710253412741,1.0700258260888136,False
2024-09-23,2651.199951171875,242.67999267578125,-90.84640928088005,0.8738881113629295,False
2024-09-24,2659.199951171875,246.07000732421875,-90.74646465694394,0.3391425250386107,False
2024-09-25,2669.89990234375,245.72999572753906,-90.79628432841893,0.2358358124518308,False
2024-09-26,2644.300048828125,246.97999572753906,-90.65991032912497,1.5063515098875369,False
2024-09-30,2667.300048828125,243.05999755859375,-90.88741449746601,1.3317754826888624,False
2024-10-01,2647.10009765625,245.61000061035156,-90.72154465077405,0.701789055041518,False
2024-10-02,2657.10009765625,245.66000366210938,-90.75458226512434,0.3670040278561119,False
2024-10-03,2645.800048828125,245.49000549316406,-90.72152086466639,0.7227348568605323,False
2024-10-07,2615.0,244.1699981689453,-90.66271517518373,1.4854872849025542,False
2024-10-08,2606.0,242.3699951171875,-90.69953971154308,0.9461862400361307,False
2024-10-09,2620.60009765625,241.0500030517578,-90.80172502216793,0.3550623807725805,False
2024-10-10,2657.60009765625,242.82000732421875,-90.86318488856307,1.0274643031566082,False
2024-10-14,2661.39990234375,245.07000732421875,-90.79168797186777,0.10750153995621115,False
2024-10-15,2674.0,245.9199981689453,-90.80329101836405,0.21683637642118794,False
2024-10-16,2691.0,247.14999389648438,-90.81568212945061,0.45151634687878206,False
2024-10-17,2713.699951171875,248.6300048828125,-90.83796995406787,0.7611556942865668,False
2024-10-21,2744.199951171875,251.22000122070312,-90.8454192226983,0.7783596460599576,False
2024-10-22,2714.39990234375,253.92999267578125,-90.64507803523993,1.7642889701442956,False
2024-10-23,2734.89990234375,250.8699951171875,-90.8270867645943,0.633898043373952,False
2024-10-24,2740.89990234375,252.8000030517578,-90.77675172173971,0.021597175241877053,False
2024-10-28,2768.39990234375,253.3300018310547,-90.84922660138142,1.03475379335712,False
2024-10-29,2788.5,256.0899963378906,-90.81620956292305,0.521837401454745,False
2024-10-30,2738.300048828125,257.5,-90.59635557066879,2.098019128267434,True
2024-10-31,2738.60009765625,253.50999450683594,-90.74308093672401,0.38150925898700583,False
2024-11-04,2740.300048828125,252.8300018310547,-90.7736380204359,0.08582571174097274,False
2024-11-05,2667.60009765625,253.39999389648438,-90.50082528790125,2.7035823876724385,True
2024-11-06,2698.39990234375,245.6999969482422,-90.89460399346908,1.3209885142040272,False
2024-11-07,2687.5,249.64999389648438,-90.71069790152616,0.5220654857940954,False
2024-11-11,2600.0,242.13999938964844,-90.68692310039815,0.7816376145039249,False
2024-11-12,2580.800048828125,240.0500030517578,-90.69862064049642,0.6622537955726382,False
2024-11-13,2568.199951171875,237.6300048828125,-90.7472155828684,0.1421371583259135,False
2024-11-14,2565.699951171875,237.00999450683594,-90.76236508487354,0.06538572709989171,False
2024-11-18,2627.10009765625,241.08999633789062,-90.82296115960798,0.6789059561397938,False
2024-11-19,2648.199951171875,243.25,-90.81451535061174,0.5833105876385574,False
2024-11-20,2672.10009765625,244.6199951171875,-90.8454030097245,0.877684999915049,False
2024-11-21,2709.89990234375,246.66000366210938,-90.89781864456407,1.3377278794796859,False
2024-11-25,2620.300048828125,242.47999572753906,-90.74609811055862,0.11779136304937912,False
2024-11-26,2639.89990234375,242.9499969482422,-90.79699966151948,0.3301792871131424,False
2024-11-29,2657.0,245.58999633789062,-90.75686878668083,0.05269687273775463,False
2024-12-02,2644.699951171875,243.44000244140625,-90.79517499391426,0.3412245813905618,False
2024-12-03,2653.800048828125,243.92999267578125,-90.80827537163184,0.5090030770338057,False
2024-12-04,2626.60009765625,244.6699981689453,-90.68491627685282,0.7374096709765339,False
2024-12-05,2638.60009765625,242.86000061035156,-90.79587691874667,0.3665312204215484,False
2024-12-09,2697.60009765625,245.36000061035156,-90.90450801719918,1.43996391838213,False
2024-12-10,2733.800048828125,248.58999633789062,-90.90679669698405,1.3231643448240258,False
2024-12-11,2687.5,250.9600067138672,-90.66195323855378,1.6230428162285928,False
2024-12-12,2656.0,247.27999877929688,-90.68975908210479,1.150835466965632,False
2024-12-16,2644.39990234375,244.8800048828125,-90.73967577045462,0.5164355962867314,False
2024-12-17,2636.5,243.94000244140625,-90.74758192901929,0.4681277807268904,False
2024-12-18,2592.199951171875,239.25999450683594,-90.7700023526861,0.21308832711154332,False
2024-12-19,2628.699951171875,239.60000610351562,-90.88522803841869,1.2991526823262727,False
2024-12-24,2620.0,241.44000244140625,-90.78473273124403,0.1118670190589675,False
2024-12-26,2617.199951171875,243.07000732421875,-90.7125931583721,1.0154424213975002,False
2024-12-30,2629.199951171875,240.6300048828125,-90.84778604321973,0.7900688572998149,False
2025-01-02,2645.0,245.4199981689453,-90.72136112782816,0.8206867369543311,False
2025-01-06,2656.699951171875,243.19000244140625,-90.84616227232831,0.9253805369308195,False
2025-01-07,2664.5,244.55999755859375,-90.8215425949111,0.5268241622864168,False
2025-01-08,2683.800048828125,245.86000061035156,-90.83910887036068,0.7326944804205963,False
2025-01-13,2677.5,245.74000549316406,-90.82203527569882,0.45168039584674263,False
2025-01-14,2712.5,247.02999877929688,-90.89290327080933,1.296164755746313,False
2025-01-15,2746.39990234375,248.8800048828125,-90.93795464125888,1.66053832619261,False
2025-01-16,2744.300048828125,250.60000610351562,-90.8683452375943,0.7383685447722239,False
2025-01-21,2767.60009765625,253.1300048828125,-90.85380850010894,0.5151323748309126,False
2025-01-22,2763.10009765625,254.42999267578125,-90.79186480100388,0.1975445628461317,False
2025-01-23,2777.300048828125,254.07000732421875,-90.85190642503956,0.6422478371047926,False
2025-01-27,2766.800048828125,252.99000549316406,-90.85622375927318,0.6313413348569754,False
2025-01-28,2769.10009765625,255.17999267578125,-90.78473209069747,0.5615712424615309,False
2025-01-29,2823.0,254.1999969482422,-90.99539507799355,2.3608277722822026,True
2025-01-30,2812.5,258.04998779296875,-90.82488932291668,0.15832798279648236,False
2025-02-03,2853.300048828125,259.94000244140625,-90.88984691434166,0.7364388509046588,False
2025-02-04,2871.60009765625,262.5,-90.85875501208376,0.2866364066297396,False
2025-02-05,2856.0,264.1300048828125,-90.75175052931328,1.2947836808430342,False
2025-02-06,2867.300048828125,263.42999267578125,-90.81261157919465,0.5098209846813915,False
2025-02-10,2912.5,268.3699951171875,-90.78557956679184,0.8855471494663255,False
2025-02-11,2909.0,267.3900146484375,-90.80818100211627,0.6541338287084325,False
2025-02-12,2925.89990234375,267.6700134277344,-90.85170298500913,0.1208575717784769,False
2025-02-13,2883.60009765625,270.30999755859375,-90.62595407115231,2.818470704550018,True
2025-02-18,2919.39990234375,270.70001220703125,-90.7275460278769,1.3080878336078607,False
2025-02-19,2940.0,270.8500061035156,-90.78741475838382,0.514833811354323,False
2025-02-20,2937.60009765625,270.989990234375,-90.77512318812275,0.6018339910613023,False
2025-02-24,2904.5,272.2099914550781,-90.62799134256917,2.1210744254842173,True
2025-02-25,2916.800048828125,268.6199951171875,-90.79059275163169,0.14471032979623977,False
2025-02-26,2883.199951171875,269.0299987792969,-90.66904816400438,1.4270255529973521,False
2025-02-27,2836.800048828125,264.92999267578125,-90.66095642570144,1.367858261199894,False
2025-03-03,2909.60009765625,266.739990234375,-90.83241747038569,0.5097423564191486,False
2025-03-04,2915.300048828125,269.05999755859375,-90.77076139498064,0.12013928602101097,False
2025-03-05,2916.60009765625,269.6199951171875,-90.75567489235664,0.2712396308101292,False
2025-03-06,2904.699951171875,268.25,-90.76496696700886,0.048615679154785575,False
2025-03-10,2912.89990234375,266.0400085449219,-90.86683314003123,1.253341600128149,False
2025-03-11,2939.10009765625,269.1600036621094,-90.84209469841645,1.004253848561092,False
2025-03-12,2984.300048828125,270.3299865722656,-90.94159494188867,2.0929894023783278,True
2025-03-13,2994.5,275.1300048828125,-90.81215545557481,0.4522811251401217,False
2025-03-17,3035.10009765625,276.7300109863281,-90.88234318202475,1.227215629798663,False
2025-03-18,3035.89990234375,279.9599914550781,-90.77835236797677,0.002764689855628363,False
2025-03-19,3040.0,281.1099853515625,-90.75296100817228,0.27178587623338535,False
2025-03-20,3018.199951171875,280.75,-90.69809805374248,0.8354563412270136,False
2025-03-24,3023.699951171875,277.25,-90.83077010030219,0.6728608906583721,False
2025-03-25,3020.89990234375,278.4700012207031,-90.78188585445504,0.010191730858057186,False
2025-03-26,3060.199951171875,278.239990234375,-90.90778397902315,1.4716618047814005,False
2025-03-27,3086.5,281.9700012207031,-90.86440948580258,0.8698993287203338,False
2025-03-31,3118.89990234375,288.1400146484375,-90.76148566255975,0.4913791587609311,False
2025-04-01,3139.89990234375,287.57000732421875,-90.84142755284763,0.5386383288920713,False
2025-04-02,3097.0,288.1600036621094,-90.69551166735197,1.4566442179215051,False
2025-04-03,3012.0,286.4200134277344,-90.49070340545371,3.134936569347102,True
2025-04-07,2968.39990234375,273.7099914550781,-90.77920763846657,0.12203456592439468,False
2025-04-08,3056.5,275.20001220703125,-90.9962371272033,1.8232540125144756,False
2025-04-09,3155.199951171875,285.3800048828125,-90.95524818397581,1.2878738973905817,False
2025-04-10,3222.199951171875,292.3500061035156,-90.92700606623771,0.9415007212403538,False
2025-04-14,3218.699951171875,296.2300109863281,-90.79659441761648,0.178911484059338,False
2025-04-15,3326.60009765625,297.7799987792969,-91.04851830584934,1.7825744419836678,False
2025-04-16,3308.699951171875,307.4700012207031,-90.70722622908724,0.8731090791963136,False
2025-04-21,3400.800048828125,315.5899963378906,-90.72012491746936,0.7212444653495335,False
2025-04-22,3276.300048828125,311.1099853515625,-90.5042279182323,2.028773335518168,True
2025-04-23,3332.0,303.6499938964844,-90.8868549250755,0.6247918145969555,False
2025-04-24,3282.39990234375,308.07000732421875,-90.61448889563256,1.1820705374320002,False
